Index,Run,SampleName,cell_line,Assay.Type,AvgSpotLen,Bases,BioProject,BioSample,Bytes,cell_type,Center.Name,Consent,DATASTORE.filetype,DATASTORE.provider,DATASTORE.region,Experiment,GEO_Accession..exp.,Instrument,LibraryLayout,LibrarySelection,LibrarySource,Organism,Platform,ReleaseDate,create_date,version,Sample.Name,source_name,SRA.Study
1,SRR5574928,786-O-rep1,786-O,OTHER,300,68292581400,PRJNA387149,SAMN07139767,25985619359,renal cancer cell line,GEO,public,"sra,run.zq,fastq","gs,ncbi,s3","gs.US,ncbi.public,s3.us-east-1",SRX2833229,GSM2631392,Illumina HiSeq 4000,PAIRED,other,GENOMIC,Homo sapiens,ILLUMINA,2018-06-12T00:00:00Z,2017-05-18T12:54:00Z,1,GSM2631392,786-O cell line,SRP107308
2,SRR5574929,786-M1A-rep1,786-M1A,OTHER,300,41042454900,PRJNA387149,SAMN07139766,15774094578,renal cancer cell line,GEO,public,"fastq,run.zq,sra","gs,ncbi,s3","gs.US,ncbi.public,s3.us-east-1",SRX2833230,GSM2631393,Illumina HiSeq 4000,PAIRED,other,GENOMIC,Homo sapiens,ILLUMINA,2018-06-12T00:00:00Z,2017-05-18T19:58:00Z,1,GSM2631393,786-M1A cell line,SRP107308
3,SRR5574930,786-O-rep2,786-O,OTHER,300,53629718700,PRJNA387149,SAMN07139765,22150852735,renal cancer cell line,GEO,public,"sra,run.zq,fastq","gs,ncbi,s3","ncbi.public,s3.us-east-1,gs.US",SRX2833231,GSM2631394,Illumina HiSeq 4000,PAIRED,other,GENOMIC,Homo sapiens,ILLUMINA,2018-06-12T00:00:00Z,2017-05-18T12:35:00Z,1,GSM2631394,786-O cell line,SRP107308
4,SRR5574931,786-M1A-rep2,786-M1A,OTHER,300,52786022400,PRJNA387149,SAMN07139764,22016034480,renal cancer cell line,GEO,public,"fastq,sra,run.zq","gs,s3,ncbi","gs.US,ncbi.public,s3.us-east-1",SRX2833232,GSM2631395,Illumina HiSeq 4000,PAIRED,other,GENOMIC,Homo sapiens,ILLUMINA,2018-06-12T00:00:00Z,2017-05-18T13:16:00Z,1,GSM2631395,786-M1A cell line,SRP107308
5,SLX-10808.NoIndex.HCK2LBBXY.s-2,OS-RC2-rep2,OS-RC2,,,,,,,,,,,,,,,,,,,,,,,,,,
6,SLX-11715.NoIndex.HCK2LBBXY.s_3,OS-LM1-rep2,OS-LM1,,,,,,,,,,,,,,,,,,,,,,,,,,
7,,,OS-RC2,,,,,,,,,,,,,,,,,,,,,,,,,,
8,,,OS-LM1,,,,,,,,,,,,,,,,,,,,,,,,,,
